{
  "request": {
    "method": "GET",
    "url": "http://127.0.0.1:5000/api/v1/users/3",
    "body": null,
    "headers": {
      "User-Agent": "python-requests/2.32.5",
      "Accept-Encoding": "gzip, deflate, zstd",
      "Accept": "*/*",
      "Connection": "keep-alive"
    }
  },
  "response": {
    "status_code": 404,
    "body": {
      "code": 404,
      "data": null,
      "msg": "User not found"
    },
    "headers": {
      "Server": "Werkzeug/3.1.3 Python/3.14.0",
      "Date": "Wed, 15 Oct 2025 13:32:59 GMT",
      "Content-Type": "application/json",
      "Content-Length": "61",
      "Connection": "close"
    }
  }
}