{
  "request": {
    "method": "POST",
    "url": "http://127.0.0.1:5000/api/v1/users",
    "body": "{\"username\": \"dup_00fcc37d\", \"email\": \"42d630b8@dup2.example.com\", \"password\": \"123456\"}",
    "headers": {
      "User-Agent": "python-requests/2.32.5",
      "Accept-Encoding": "gzip, deflate, zstd",
      "Accept": "*/*",
      "Connection": "keep-alive",
      "Content-Length": "88",
      "Content-Type": "application/json"
    }
  },
  "response": {
    "status_code": 409,
    "body": {
      "code": 409,
      "data": null,
      "msg": "Username already exists"
    },
    "headers": {
      "Server": "Werkzeug/3.1.3 Python/3.14.0",
      "Date": "Wed, 15 Oct 2025 13:32:59 GMT",
      "Content-Type": "application/json",
      "Content-Length": "70",
      "Connection": "close"
    }
  }
}