{
  "request": {
    "method": "GET",
    "url": "http://127.0.0.1:5000/api/v1/users?page=1&size=10&keyword=%21%40%23",
    "body": null,
    "headers": {
      "User-Agent": "python-requests/2.32.5",
      "Accept-Encoding": "gzip, deflate, zstd",
      "Accept": "*/*",
      "Connection": "keep-alive"
    }
  },
  "response": {
    "status_code": 200,
    "body": {
      "code": 200,
      "data": {
        "list": [
          {
            "id": 8,
            "username": "u_special_!@#k_445bf388"
          }
        ],
        "total": 1
      },
      "msg": "success"
    },
    "headers": {
      "Server": "Werkzeug/3.1.3 Python/3.14.0",
      "Date": "Wed, 15 Oct 2025 13:32:59 GMT",
      "Content-Type": "application/json",
      "Content-Length": "170",
      "Connection": "close"
    }
  }
}