{
  "request": {
    "method": "DELETE",
    "url": "http://127.0.0.1:5000/api/v1/users/abc",
    "body": null,
    "headers": {
      "User-Agent": "python-requests/2.32.5",
      "Accept-Encoding": "gzip, deflate, zstd",
      "Accept": "*/*",
      "Connection": "keep-alive",
      "Content-Length": "0"
    }
  },
  "response": {
    "status_code": 404,
    "body": "<!doctype html>\n<html lang=en>\n<title>404 Not Found</title>\n<h1>Not Found</h1>\n<p>The requested URL was not found on the server. If you entered the URL manually please check your spelling and try again.</p>\n",
    "headers": {
      "Server": "Werkzeug/3.1.3 Python/3.14.0",
      "Date": "Wed, 15 Oct 2025 13:32:59 GMT",
      "Content-Type": "text/html; charset=utf-8",
      "Content-Length": "207",
      "Connection": "close"
    }
  }
}