{
  "request": {
    "method": "POST",
    "url": "http://127.0.0.1:5000/api/v1/users",
    "body": "{\"username\": \"upd_e28cbcef\", \"email\": \"7d8fb939@orig.example.com\", \"password\": \"pwd123\"}",
    "headers": {
      "User-Agent": "python-requests/2.32.5",
      "Accept-Encoding": "gzip, deflate, zstd",
      "Accept": "*/*",
      "Connection": "keep-alive",
      "Content-Length": "88",
      "Content-Type": "application/json"
    }
  },
  "response": {
    "status_code": 200,
    "body": {
      "code": 200,
      "data": {
        "id": 9,
        "username": "upd_e28cbcef"
      },
      "msg": "success"
    },
    "headers": {
      "Server": "Werkzeug/3.1.3 Python/3.14.0",
      "Date": "Wed, 15 Oct 2025 13:32:59 GMT",
      "Content-Type": "application/json",
      "Content-Length": "99",
      "Connection": "close"
    }
  }
}