{
  "request": {
    "method": "POST",
    "url": "http://127.0.0.1:5000/api/v1/users",
    "body": "{\"username\": \"qa_58b9b171\", \"email\": \"not-an-email\", \"password\": \"123456\"}",
    "headers": {
      "User-Agent": "python-requests/2.32.5",
      "Accept-Encoding": "gzip, deflate, zstd",
      "Accept": "*/*",
      "Connection": "keep-alive",
      "Content-Length": "74",
      "Content-Type": "application/json"
    }
  },
  "response": {
    "status_code": 400,
    "body": {
      "code": 400,
      "data": null,
      "msg": "Invalid email"
    },
    "headers": {
      "Server": "Werkzeug/3.1.3 Python/3.14.0",
      "Date": "Wed, 15 Oct 2025 13:32:59 GMT",
      "Content-Type": "application/json",
      "Content-Length": "60",
      "Connection": "close"
    }
  }
}